Identity,Members
Finance,KHChung
PublicRelationships,PHChen
Projects,STMelton
Marketing,GYHill
Operations,KUPuckett
Finance,POSong
PublicRelationships,EAHamilton
Projects,HEBender
Marketing,MAWagner
Operations,DCMcLaughlin
Finance,FCMcNamara
PublicRelationships,SWRaynor
Projects,MOMoon
Marketing,BFWoodard
Operations,JGDesai
Finance,JIWallace
PublicRelationships,NFLawrence
Projects,JSGriffin
Marketing,KKDougherty
Operations,KHChung
Finance,PHChen
PublicRelationships,STMelton
Projects,GYHill
Marketing,KUPuckett
Operations,POSong
Finance,EAHamilton
PublicRelationships,HEBender
Projects,MAWagner
Marketing,DCMcLaughlin
Operations,FCMcNamara
Finance,SWRaynor
PublicRelationships,MOMoon
Projects,BFWoodard
Marketing,JGDesai
Operations,JIWallace
Finance,NFLawrence
PublicRelationships,JSGriffin
Projects,KKDougherty
Marketing,KHChung
Operations,PHChen
Finance,STMelton
PublicRelationships,GYHill
Projects,KUPuckett
Marketing,POSong
Operations,EAHamilton
Marketing,HEBender
Operations,MAWagner
Finance,DCMcLaughlin
PublicRelationships,FCMcNamara
Projects,SWRaynor
Marketing,MOMoon
Operations,BFWoodard
Marketing,JGDesai
Operations,JIWallace
Finance,NFLawrence
PublicRelationships,JSGriffin
Projects,KKDougherty
